ID,Client Name,Phone,Email,Signed Up
334554,Amanda Poole,394-056-1209,travisyoung@example.org,5/21/2023
425974,Nicholas Spence,412-683-0191,johnsonlaura@example.net,1/31/2024
333608,Matthew Powell,374-097-3764,amanda96@example.com,5/17/2023
531921,David Johnston,286-746-4356,sarah35@example.org,8/2/2024
351587,Lindsey Simmons,813-440-2375,jbarton@example.org,7/6/2023
407799,Stacy Delgado,897-701-4015,tiffany95@example.org,12/12/2023
373658,Adam Pierce,908-543-3209,tristan25@example.com,9/5/2023
378999,Casey Morris,370-685-0632,robert14@example.com,9/21/2023
444328,Tracy Andrade,742-348-1503,rodriguezscott@example.com,2/26/2024
432454,Andrew Mitchell,536-670-6771,michelle38@example.net,2/19/2024
506943,Brooke Pearson,846-119-9194,jenniferkerr@example.org,5/30/2024
463909,Ashley Willis,690-476-0890,tdavis@example.net,4/11/2024
421913,Brian Torres,634-046-3407,yangthomas@example.com,1/18/2024
516578,Carlos Vaughn,743-219-6293,tristansanchez@example.org,6/20/2024
478730,Michael Aguirre,051-512-3766,meltondrew@example.net,5/16/2024
444871,David Hill,507-844-0390,moniquecasey@example.com,2/27/2024
356353,Jessica Ramos,870-276-0213,ehamilton@example.com,7/23/2023
503349,Debra Austin,894-757-9866,harrisonbrent@example.org,5/21/2024
333619,David Thompson,352-839-7468,webstergregory@example.org,5/18/2023
407685,Lisa Lee,944-977-3604,campbellvanessa@example.net,12/12/2023
376264,Tammy Cook,914-162-2432,mcdanielrandy@example.com,9/13/2023
370084,Elizabeth Schultz,509-069-9696,deanna83@example.net,8/28/2023
478070,Brianna Lawrence,642-742-5961,blackburnamanda@example.net,5/14/2024
507883,Brittney Sawyer,522-383-2158,kellywalsh@example.com,6/2/2024
355103,Heather Martinez,554-255-7424,michaelfritz@example.org,7/18/2023
475543,Mark Davis,876-646-9825,moralesanthony@example.com,5/7/2024
367670,Carly Rodriguez,761-686-9937,nortonmatthew@example.net,8/22/2023
504038,Caroline Hodges,932-100-9796,michele73@example.net,5/22/2024
409249,Lawrence Ortiz,649-642-4662,jonesmelissa@example.org,12/19/2023
341721,Erin Arnold,777-733-3682,pclark@example.com,6/9/2023
520182,Wayne Marshall,582-272-1814,vazquezpatricia@example.com,7/1/2024
350951,Ashley Cantrell,500-446-9837,hconley@example.net,7/4/2023
349192,Lori Perez,030-880-3049,bcurry@example.com,6/27/2023
